1894,-1.0,"[5.0, 3.0, 1.4666666984558105]",-0.817,"[-1.0000000000000002, -0.9989999999999999, -0.9799999999999993, -0.976999999999999, -0.9729999999999988, -0.9699999999999995, -0.9629999999999976, -0.9549999999999982, -0.8999999999999999, -0.817]",1.990478589229584
3083,-1.0,"[6.0, 4.0, 1.0]",-0.1640000000000001,"[-0.9949999999999983, -0.9779999999999989, -0.3800000000000003, -0.3470000000000002, -0.3150000000000002, -0.1680000000000001, -0.1680000000000001, -0.1680000000000001, -0.1640000000000001, -0.1640000000000001]",0.13337498649216742
9073,-1.0,"[5.0, 5.0, 2.3333332538604736]",-0.37000000000000016,"[-0.39, -0.39, -0.39, -0.39, -0.39, -0.39, -0.3830000000000002, -0.37900000000000017, -0.37900000000000017, -0.37000000000000016]",1.4238094225006739
7738,-1.0,"[4.0, 2.6666665077209473, 1.8333332538604736]",-0.3870000000000002,"[-1.0000000000000002, -1.0, -0.9839999999999992, -0.5269999999999994, -0.5029999999999999, -0.48900000000000027, -0.47400000000000025, -0.47400000000000025, -0.43800000000000017, -0.3870000000000002]",0.6821991108256342
5517,-1.0,"[7.0, 6.0, 6.0]",-0.796,"[-1.0, -1.0, -0.9549999999999992, -0.9439999999999995, -0.796, -0.796, -0.796, -0.796, -0.796, -0.796]",-0.3242855981681358
9981,-1.0,"[5.0, 3.3333332538604736, 3.3333332538604736]",-0.9429999999999992,"[-1.0, -1.0, -0.9799999999999975, -0.9689999999999979, -0.9639999999999987, -0.9599999999999985, -0.9429999999999992, -0.9429999999999992, -0.9429999999999992, -0.9429999999999992]",6.214608098422191
2627,-1.0,"[4.0, 2.3333332538604736, 1.3333330154418945]",-0.9289999999999992,"[-1.0, -1.0, -0.9769999999999982, -0.9529999999999992, -0.9419999999999996, -0.9419999999999996, -0.9419999999999996, -0.9419999999999996, -0.9289999999999992, -0.9289999999999992]",4.710530701645918
8159,-1.0,"[6.0, 3.0, 1.6666665077209473]",-0.9519999999999985,"[-1.0, -1.0, -0.9639999999999996, -0.9529999999999993, -0.9529999999999993, -0.9529999999999993, -0.9529999999999993, -0.9529999999999993, -0.9319999999999993, -0.9519999999999985]",3.7722610630529876
7141,-1.0,"[8.0, 5.0, 4.3333330154418945]",-0.4910000000000002,"[-0.9979999999999993, -0.9879999999999979, -0.6959999999999998, -0.6309999999999997, -0.6269999999999994, -0.5279999999999997, -0.5129999999999998, -0.4910000000000002, -0.4910000000000002, -0.4910000000000002]",0.03810357801614451
2530,-1.0,"[5.0, 3.3333332538604736, 1.6666665077209473]",-0.587999999999999,"[-1.0, -0.977, -0.5899999999999994, -0.5899999999999994, -0.5899999999999994, -0.5899999999999994, -0.5899999999999994, -0.5879999999999997, -0.587999999999999, -0.587999999999999]",1.9261350984190337
96,-1.0,"[4.0, 2.0, 1.2000000476837158]",-0.9209999999999992,"[-1.0, -1.0, -0.9769999999999993, -0.9769999999999993, -0.9519999999999991, -0.940999999999999, -0.940999999999999, -0.9209999999999992, -0.9209999999999992, -0.9209999999999992]",5.809142990314028
3307,-1.0,"[6.0, 4.0, 3.6666665077209473]",-0.47900000000000026,"[-0.9880000000000002, -0.923999999999998, -0.5439999999999995, -0.5439999999999995, -0.5439999999999995, -0.5439999999999995, -0.5439999999999995, -0.5179999999999992, -0.47900000000000026, -0.47900000000000026]",0.7798877664932802
2542,-1.0,"[7.0, 5.0, 4.0]",-0.2510000000000001,"[-0.9889999999999992, -0.9769999999999966, -0.5649999999999988, -0.5099999999999998, -0.3780000000000002, -0.2570000000000001, -0.2570000000000001, -0.2540000000000001, -0.27200000000000013, -0.2510000000000001]",0.22067371404231093
6922,-1.0,"[4.0, 2.0, 1.0]",-0.9289999999999993,"[-1.0, -1.0, -0.9719999999999983, -0.9699999999999984, -0.9689999999999984, -0.9599999999999985, -0.9489999999999991, -0.945999999999999, -0.9339999999999996, -0.9289999999999993]",4.074541934925921
5473,-1.0,"[5.0, 2.0, 0.5]",-0.12700000000000006,"[-0.9989999999999996, -0.9839999999999962, -0.23800000000000018, -0.19300000000000012, -0.15700000000000008, -0.15700000000000008, -0.13100000000000006, -0.09700000000000004, -0.11700000000000008, -0.12700000000000006]",0.09124333409752564
1069,-1.0,"[7.0, 4.666666507720947, 3.6666665077209473]",-0.903999999999999,"[-1.0, -1.0, -0.9799999999999984, -0.9599999999999967, -0.9109999999999989, -0.8999999999999991, -0.9059999999999989, -0.9059999999999989, -0.9149999999999991, -0.903999999999999]",4.309743769182608
8646,-1.0,"[3.0, 1.0, 0.6666665077209473]",-0.9639999999999989,"[-1.0, -1.0, -0.9929999999999993, -0.9789999999999969, -0.9689999999999983, -0.9639999999999981, -0.949999999999999, -0.9259999999999995, -0.9539999999999985, -0.9639999999999989]",3.3524072174927233
1710,-1.0,"[6.0, 3.6666665077209473, 2.0]",-0.3100000000000001,"[-1.0, -0.9789999999999993, -0.8559999999999964, -0.8439999999999985, -0.831999999999997, -0.7819999999999987, -0.34000000000000025, -0.3140000000000001, -0.3140000000000001, -0.3100000000000001]",0.47474688085299854
4085,-1.0,"[3.0, 1.0, 1.6666665077209473]",-0.9419999999999991,"[-1.0, -1.0, -0.9719999999999988, -0.9709999999999988, -0.9669999999999989, -0.9559999999999991, -0.9559999999999991, -0.9549999999999992, -0.9499999999999992, -0.9419999999999991]",5.809142990314028
6083,-1.0,"[4.0, 4.0, 4.0]",-0.46599999999999997,"[-0.46599999999999997, -0.46599999999999997, -0.46599999999999997, -0.46599999999999997, -0.46599999999999997, -0.46599999999999997, -0.46599999999999997, -0.46599999999999997, -0.46599999999999997, -0.46599999999999997]",-0.3350099409717171
1360,-1.0,"[9.0, 7.0, 5.666666507720947]",-0.9509999999999987,"[-1.0, -1.0, -0.9739999999999984, -0.958999999999999, -0.958999999999999, -0.9529999999999991, -0.9529999999999991, -0.9529999999999991, -0.9509999999999987, -0.9509999999999987]",4.199705077879927
5093,-1.0,"[5.0, 2.3333332538604736, -0.6666669845581055]",-0.8749999999999993,"[-1.0, -1.0, -0.9469999999999985, -0.9379999999999988, -0.9209999999999988, -0.893999999999999, -0.893999999999999, -0.893999999999999, -0.8749999999999993, -0.8749999999999993]",4.598286735264748
1459,-1.0,"[8.0, 6.0, 4.3333330154418945]",-0.09600000000000002,"[-0.9819999999999987, -0.9649999999999993, -0.32000000000000023, -0.2600000000000002, -0.23200000000000012, -0.18000000000000013, -0.14900000000000008, -0.13400000000000006, -0.13400000000000006, -0.09600000000000002]",0.22863926178242233
9221,-1.0,"[5.0, 3.0, 3.0]",-0.906999999999999,"[-1.0, -0.9989999999999998, -0.9559999999999969, -0.9219999999999985, -0.9219999999999985, -0.906999999999999, -0.906999999999999, -0.906999999999999, -0.906999999999999, -0.906999999999999]",3.475361598736794
9924,-1.0,"[9.0, 9.0, 9.0]",-0.0,"[-0.0, -0.0, -0.0, -0.0, -0.0, -0.0, -0.0, -0.0, -0.0, -0.0]",0.0
9801,-1.0,"[5.0, 4.0, 2.5]",-0.0010000000000000009,"[-0.5680000000000001, -0.5680000000000001, -0.43200000000000005, -0.43200000000000005, -0.43200000000000005, -0.08800000000000005, -0.08000000000000004, -0.0010000000000000009, -0.0010000000000000009, -0.0010000000000000009]",9.959916970395891e-05
6703,-1.0,"[3.0, 0.20000004768371582, 1.0]",-0.6349999999999997,"[-1.0, -0.9349999999999988, -0.6959999999999992, -0.6729999999999989, -0.6089999999999998, -0.6089999999999998, -0.6089999999999998, -0.6089999999999998, -0.6269999999999994, -0.6349999999999997]",2.7617520866293193
1713,-1.0,"[3.0, 0.33333325386047363, 0.33333325386047363]",-0.11400000000000003,"[-0.9859999999999971, -0.968999999999998, -0.3490000000000002, -0.3310000000000002, -0.2590000000000001, -0.12300000000000007, -0.12000000000000006, -0.11100000000000004, -0.11600000000000006, -0.11400000000000003]",0.1031667497978595
8044,-1.0,"[8.0, 6.0, 4.0]",-0.8859999999999993,"[-1.0, -1.0, -0.9749999999999982, -0.9349999999999989, -0.9349999999999989, -0.9349999999999989, -0.922999999999999, -0.922999999999999, -0.9119999999999993, -0.8859999999999993]",2.9187712324178627
4822,-1.0,"[6.0, 4.0, 1.3333330154418945]",-0.11500000000000005,"[-0.9929999999999989, -0.9839999999999985, -0.5109999999999999, -0.3450000000000002, -0.29200000000000015, -0.1890000000000001, -0.1890000000000001, -0.11500000000000005, -0.11500000000000005, -0.11500000000000005]",0
1657,-1.0,"[5.0, 3.0, 2.0]",-0.09400000000000006,"[-0.9979999999999957, -0.9839999999999964, -0.36600000000000027, -0.17600000000000007, -0.17600000000000007, -0.17600000000000007, -0.09400000000000006, -0.09400000000000006, -0.09400000000000006, -0.09400000000000006]",0.16944482797554464
249,-1.0,"[3.0, 1.0, 0.0]",-0.3070000000000001,"[-0.8449999999999989, -0.8449999999999989, -0.8029999999999963, -0.735, -0.4450000000000003, -0.4450000000000003, -0.4450000000000003, -0.3520000000000002, -0.3420000000000002, -0.3070000000000001]",0.594593345900651
2172,-1.0,"[5.0, 2.3333332538604736, 2.3333332538604736]",-0.9559999999999996,"[-1.0, -1.0, -0.979999999999998, -0.9589999999999985, -0.9489999999999986, -0.9489999999999986, -0.9349999999999996, -0.9489999999999986, -0.9489999999999986, -0.9559999999999996]",3.3813947543659757
7725,-1.0,"[5.0, 2.6666665077209473, 2.6666665077209473]",-0.20300000000000012,"[-1.0, -0.9509999999999993, -0.42600000000000027, -0.35400000000000026, -0.2980000000000002, -0.2680000000000002, -0.22900000000000012, -0.21100000000000013, -0.20400000000000007, -0.20300000000000012]",0.30253156530307757
8123,-1.0,"[4.0, 2.3333332538604736, 2.3333332538604736]",-0.4060000000000002,"[-0.9970000000000002, -0.7859999999999998, -0.5089999999999997, -0.42100000000000026, -0.42100000000000026, -0.42100000000000026, -0.4060000000000002, -0.4060000000000002, -0.4060000000000002, -0.4060000000000002]",0.3379523303925254
781,-1.0,"[4.0, 2.0, 1.6666665077209473]",-0.20000000000000007,"[-0.9979999999999999, -0.971999999999999, -0.5869999999999969, -0.38500000000000023, -0.3810000000000002, -0.2820000000000002, -0.2360000000000001, -0.2360000000000001, -0.2360000000000001, -0.20000000000000007]",0.2813244818978453
7435,-1.0,"[6.0, 3.0, 2.3333330154418945]",-0.9429999999999995,"[-1.0, -1.0, -0.9869999999999987, -0.9619999999999984, -0.9549999999999988, -0.9549999999999988, -0.9549999999999988, -0.9549999999999988, -0.9489999999999993, -0.9429999999999995]",5.521460917862246
7047,-1.0,"[5.0, 3.3333332538604736, 3.3333332538604736]",-0.15900000000000006,"[-0.9979999999999981, -0.9859999999999953, -0.1950000000000001, -0.1830000000000001, -0.1830000000000001, -0.17300000000000007, -0.17300000000000007, -0.15900000000000006, -0.15900000000000006, -0.15900000000000006]",0.16092428024471014
5815,-1.0,"[4.0, 1.0, 0.33333301544189453]",-0.9469999999999996,"[-1.0, -1.0, -0.9739999999999984, -0.960999999999999, -0.9549999999999993, -0.9339999999999988, -0.9339999999999988, -0.9339999999999988, -0.9429999999999993, -0.9469999999999996]",4.074541934925921
6945,-1.0,"[6.0, 4.333333253860474, 3.0]",-0.252,"[-1.0, -1.0, -0.9789999999999974, -0.966999999999998, -0.923999999999999, -0.9150000000000001, -0.8829999999999969, -0.263, -0.253, -0.252]",0
2407,-1.0,"[7.0, 5.0, 2.6666665077209473]",-0.10500000000000004,"[-0.9909999999999985, -0.9559999999999991, -0.1600000000000001, -0.15600000000000008, -0.14500000000000005, -0.13100000000000006, -0.13100000000000006, -0.10500000000000004, -0.10500000000000004, -0.10500000000000004]",0.09718762657542213
6498,-1.0,"[5.0, 5.0, 1.0]",-0.6619999999999983,"[-0.6619999999999999, -0.6619999999999999, -0.6619999999999999, -0.6619999999999999, -0.6619999999999999, -0.6619999999999999, -0.6619999999999986, -0.6619999999999986, -0.6619999999999986, -0.6619999999999983]",-0.1403642105900933
7904,-1.0,"[4.0, 1.7999999523162842, 1.1333332061767578]",-0.5069999999999993,"[-0.9769999999999991, -0.9769999999999991, -0.9649999999999993, -0.756, -0.536, -0.5069999999999997, -0.5069999999999997, -0.5069999999999997, -0.507, -0.5069999999999993]",-0.11140778672359532
6236,-1.0,"[4.0, 4.0, 4.0]",-0.0,"[-0.0, -0.0, -0.0, -0.0, -0.0, -0.0, -0.0, -0.0, -0.0, -0.0]",0.0
8074,-1.0,"[4.0, 2.3333332538604736, 2.3333332538604736]",-0.943999999999999,"[-1.0, -1.0, -0.9619999999999986, -0.9549999999999986, -0.943999999999999, -0.943999999999999, -0.943999999999999, -0.943999999999999, -0.943999999999999, -0.943999999999999]",4.509860006183767
5054,-1.0,"[5.0, 3.3333332538604736, 2.0]",-0.9399999999999986,"[-1.0, -1.0, -0.9639999999999989, -0.9639999999999989, -0.9609999999999986, -0.9569999999999987, -0.9539999999999991, -0.9469999999999994, -0.9469999999999993, -0.9399999999999986]",0
215,-1.0,"[6.0, 4.0, 2.3333330154418945]",-0.10300000000000004,"[-0.9969999999999986, -0.9589999999999984, -0.2970000000000001, -0.1800000000000001, -0.16000000000000006, -0.16000000000000006, -0.16000000000000006, -0.10300000000000004, -0.10300000000000004, -0.10300000000000004]",0.033768778910459527
7963,-1.0,"[6.0, 3.0, 2.0]",-0.14600000000000005,"[-0.9899999999999971, -0.9669999999999981, -0.5449999999999994, -0.39500000000000024, -0.24600000000000016, -0.2510000000000001, -0.2510000000000001, -0.1860000000000001, -0.1890000000000001, -0.14600000000000005]",0.05778905858420191
9833,-1.0,"[6.0, 3.0, 3.0]",-0.13300000000000006,"[-0.9109999999999995, -0.9109999999999995, -0.24100000000000016, -0.22700000000000012, -0.1820000000000001, -0.16700000000000007, -0.13100000000000003, -0.13100000000000003, -0.11400000000000003, -0.13300000000000006]",0.06748876140089477
7276,-1.0,"[4.0, 4.0, 4.0]",-0.0,"[-0.0, -0.0, -0.0, -0.0, -0.0, -0.0, -0.0, -0.0, -0.0, -0.0]",0.0
4466,-1.0,"[5.0, 3.0, 3.0]",-0.2730000000000001,"[-1.0000000000000002, -0.9729999999999986, -0.30800000000000016, -0.29300000000000015, -0.29300000000000015, -0.27400000000000013, -0.27400000000000013, -0.27400000000000013, -0.27400000000000013, -0.2730000000000001]",0.8530990363909343
1674,-1.0,"[5.0, 3.0, 0.33333301544189453]",-0.18400000000000008,"[-0.9919999999999991, -0.9859999999999978, -0.7289999999999984, -0.2010000000000001, -0.2010000000000001, -0.1900000000000001, -0.1900000000000001, -0.18700000000000008, -0.18400000000000008, -0.18400000000000008]",0.26465213907222107
247,-1.0,"[5.0, 3.0, 1.5]",-0.2120000000000001,"[-1.0000000000000004, -0.9620000000000001, -0.32800000000000024, -0.27200000000000013, -0.27200000000000013, -0.25300000000000017, -0.25300000000000017, -0.2120000000000001, -0.2120000000000001, -0.2120000000000001]",0.2854251333567492
7634,-1.0,"[7.0, 5.0, 5.0]",-0.9469999999999993,"[-1.0, -1.0, -0.9799999999999977, -0.9649999999999981, -0.9549999999999985, -0.9549999999999985, -0.9509999999999982, -0.9509999999999982, -0.9509999999999982, -0.9469999999999993]",3.4112477175156566
4816,-1.0,"[7.0, 5.0, 2.0]",-0.9319999999999992,"[-1.0, -1.0, -0.9559999999999993, -0.9559999999999993, -0.9559999999999993, -0.9499999999999991, -0.9339999999999993, -0.9319999999999992, -0.9309999999999995, -0.9319999999999992]",3.575550768806933
7608,-1.0,"[5.0, 3.0, 1.5999999046325684]",-0.4950000000000002,"[-1.0, -0.8069999999999997, -0.5889999999999986, -0.5889999999999986, -0.5749999999999997, -0.5099999999999997, -0.5099999999999997, -0.5099999999999997, -0.4950000000000002, -0.4950000000000002]",1.4186937941082092
31,-1.0,"[2.0, 0.6666665077209473, 1.6666665077209473]",-0.9369999999999991,"[-1.0, -1.0, -0.9649999999999984, -0.9649999999999977, -0.9519999999999992, -0.9519999999999992, -0.946999999999999, -0.946999999999999, -0.946999999999999, -0.9369999999999991]",0
5464,-1.0,"[6.0, 4.333333253860474, 1.6666665077209473]",-0.921999999999999,"[-0.963, -0.963, -0.963, -0.9489999999999985, -0.9309999999999992, -0.9309999999999992, -0.921999999999999, -0.921999999999999, -0.921999999999999, -0.921999999999999]",4.9983545837820955
2112,-1.0,"[7.0, 7.0, 7.0]",-0.0,"[-0.0, -0.0, -0.0, -0.0, -0.0, -0.0, -0.0, -0.0, -0.0, -0.0]",0.0
1118,-1.0,"[4.0, 2.3333332538604736, 2.0]",-0.4120000000000002,"[-1.0, -0.8739999999999998, -0.5509999999999997, -0.5509999999999997, -0.5449999999999997, -0.43600000000000017, -0.4330000000000002, -0.43200000000000016, -0.42200000000000026, -0.4120000000000002]",0.4803661143642284
9647,-1.0,"[6.0, 3.3333332538604736, 2.5333333015441895]",-0.14400000000000007,"[-0.9899999999999997, -0.9699999999999983, -0.45500000000000024, -0.45500000000000024, -0.36000000000000026, -0.19400000000000012, -0.1870000000000001, -0.1780000000000001, -0.14400000000000007, -0.14400000000000007]",0.07687240224183249
4580,-1.0,"[3.0, 1.3333332538604736, 0.8666667938232422]",-0.852999999999999,"[-1.0, -0.9929999999999997, -0.8579999999999989, -0.8579999999999989, -0.8579999999999989, -0.8579999999999989, -0.8579999999999989, -0.8579999999999989, -0.8569999999999994, -0.852999999999999]",2.7166801492428947
15,-1.0,"[1.0, 1.0, 4.0]",-0.9489999999999988,"[-1.0, -1.0, -0.994999999999998, -0.9879999999999992, -0.9819999999999997, -0.9709999999999994, -0.9709999999999994, -0.961999999999998, -0.9489999999999988, -0.9489999999999988]",5.809142990314028
6617,-1.0,"[5.0, 5.0, 1.8333330154418945]",-0.3740000000000002,"[-0.4120000000000002, -0.4120000000000002, -0.4120000000000002, -0.4120000000000002, -0.4120000000000002, -0.40300000000000014, -0.396, -0.396, -0.3740000000000002, -0.3740000000000002]",0.8999547229080211
1764,-1.0,"[5.0, 2.0, 1.6666665077209473]",-0.9549999999999987,"[-1.0, -1.0, -0.9959999999999863, -0.9789999999999991, -0.9579999999999989, -0.9579999999999989, -0.9459999999999993, -0.9579999999999989, -0.9559999999999991, -0.9549999999999987]",4.074541934925921
5322,-1.0,"[8.0, 6.333333253860474, 4.3333330154418945]",-0.951999999999999,"[-1.0, -1.0, -0.9769999999999988, -0.9649999999999984, -0.962999999999998, -0.9469999999999993, -0.9629999999999991, -0.9679999999999978, -0.9679999999999982, -0.951999999999999]",4.710530701645918
9323,-1.0,"[8.0, 7.0, 7.0]",-0.692999999999999,"[-1.0, -0.698, -0.698, -0.698, -0.698, -0.698, -0.698, -0.698, -0.698, -0.692999999999999]",3.2498323721659
5985,-1.0,"[4.0, 2.8333332538604736, 2.0999999046325684]",-0.16300000000000006,"[-1.0000000000000004, -0.9469999999999995, -0.2920000000000002, -0.2090000000000001, -0.1980000000000001, -0.1980000000000001, -0.17200000000000007, -0.17200000000000007, -0.14800000000000005, -0.16300000000000006]",0.15879181439104337
2020,-1.0,"[3.0, 1.0, 0.5]",-0.8999999999999978,"[-1.0, -1.0, -0.9709999999999992, -0.9699999999999989, -0.9619999999999993, -0.9519999999999998, -0.9519999999999985, -0.8999999999999978, -0.8999999999999978, -0.8999999999999978]",3.4420193761824107
881,-1.0,"[3.0, 1.0, 1.3333332538604736]",-0.9369999999999994,"[-1.0, -1.0, -0.976999999999997, -0.9679999999999984, -0.9649999999999987, -0.951999999999999, -0.943999999999999, -0.951999999999999, -0.9369999999999994, -0.9369999999999994]",5.115995809754082
8088,-1.0,"[6.0, 4.333333253860474, 2.8333330154418945]",-0.9039999999999984,"[-1.0, -1.0, -0.9649999999999989, -0.9649999999999989, -0.9149999999999987, -0.9149999999999987, -0.9149999999999987, -0.9149999999999987, -0.9039999999999984, -0.9039999999999984]",2.3597105733774035
2893,-1.0,"[5.0, 3.0, 1.6666665077209473]",-0.9459999999999996,"[-1.0, -1.0, -0.9599999999999992, -0.9599999999999992, -0.9599999999999992, -0.9489999999999992, -0.9489999999999992, -0.9459999999999996, -0.9459999999999996, -0.9459999999999996]",6.907755278982137
4330,-1.0,"[7.0, 5.0, 2.3333330154418945]",-0.11600000000000006,"[-0.9939999999999983, -0.9729999999999975, -0.3530000000000002, -0.30100000000000016, -0.1780000000000001, -0.1780000000000001, -0.1650000000000001, -0.15200000000000008, -0.08800000000000004, -0.11600000000000006]",0.11282964346064223
6442,-1.0,"[7.0, 4.0, 4.0]",-0.9539999999999988,"[-1.0, -1.0, -0.9879999999999992, -0.9779999999999982, -0.9589999999999986, -0.9299999999999996, -0.9299999999999996, -0.9299999999999996, -0.9589999999999986, -0.9539999999999988]",3.9633162998156966
7085,-1.0,"[4.0, 4.0, 4.0]",-0.31499999999999995,"[-0.31499999999999995, -0.31499999999999995, -0.31499999999999995, -0.31499999999999995, -0.31499999999999995, -0.31499999999999995, -0.31499999999999995, -0.31499999999999995, -0.31499999999999995, -0.31499999999999995]",-0.2591604618931395
953,-1.0,"[5.0, 2.6666665077209473, 2.0]",-0.33700000000000013,"[-1.0, -0.9469999999999996, -0.8049999999999975, -0.7749999999999996, -0.5419999999999984, -0.35400000000000015, -0.3680000000000002, -0.33700000000000013, -0.33700000000000013, -0.33700000000000013]",0.31303923721988525
464,-1.0,"[6.0, 4.0, 2.0]",-0.9319999999999992,"[-1.0, -1.0, -0.9949999999999958, -0.9779999999999989, -0.9659999999999994, -0.9489999999999993, -0.9319999999999992, -0.9319999999999992, -0.9319999999999992, -0.9319999999999992]",3.816712825623821
1440,-1.0,"[2.0, 0.33333325386047363, 2.0]",-0.9759999999999994,"[-1.0, -1.0, -0.9969999999999994, -0.9949999999999983, -0.9869999999999989, -0.9829999999999989, -0.9819999999999992, -0.977999999999999, -0.9649999999999997, -0.9759999999999994]",3.9633162998156966
474,-1.0,"[6.0, 4.0, 3.3333332538604736]",-0.9379999999999991,"[-1.0, -1.0, -0.9799999999999993, -0.9689999999999974, -0.9659999999999986, -0.9619999999999989, -0.9619999999999987, -0.9379999999999991, -0.9379999999999991, -0.9379999999999991]",3.2188758248682006
1159,-1.0,"[5.0, 3.0, 2.3333332538604736]",-0.9319999999999994,"[-1.0, -1.0, -0.9619999999999987, -0.9429999999999993, -0.9429999999999993, -0.9429999999999993, -0.9429999999999993, -0.9319999999999994, -0.9319999999999994, -0.9319999999999994]",5.521460917862246
3960,-1.0,"[6.0, 6.0, 1.0]",-0.18800000000000006,"[-0.2310000000000001, -0.2310000000000001, -0.2310000000000001, -0.2310000000000001, -0.2310000000000001, -0.2280000000000001, -0.21800000000000008, -0.21800000000000008, -0.21500000000000008, -0.18800000000000006]",-0.07648477621530614
1572,-1.0,"[4.0, 2.3333332538604736, 1.6666665077209473]",-0.7149999999999993,"[-0.732, -0.732, -0.732, -0.7319999999999999, -0.7319999999999999, -0.7259999999999975, -0.7259999999999975, -0.7249999999999976, -0.7149999999999993, -0.7149999999999993]",3.3050550756325165
537,-1.0,"[5.0, 3.0, 1.0]",-0.942999999999999,"[-1.0, -1.0, -0.9609999999999986, -0.9609999999999986, -0.9609999999999986, -0.9509999999999987, -0.9509999999999987, -0.9489999999999994, -0.9489999999999994, -0.942999999999999]",4.3428059215206005
4855,-1.0,"[4.0, 2.3333332538604736, 0.0]",-0.28800000000000014,"[-1.0000000000000004, -0.925999999999999, -0.3260000000000002, -0.3230000000000002, -0.28500000000000014, -0.28300000000000014, -0.27200000000000013, -0.2680000000000001, -0.2790000000000001, -0.28800000000000014]",0.5039493192381957
5447,-1.0,"[5.0, 3.0, 2.0]",-0.11100000000000006,"[-1.0000000000000004, -0.9789999999999957, -0.24300000000000016, -0.15100000000000008, -0.15100000000000008, -0.12100000000000005, -0.12100000000000005, -0.11500000000000005, -0.11500000000000005, -0.11100000000000006]",0.08569532994716997
9418,-1.0,"[6.0, 3.0, 2.0]",-0.9129999999999998,"[-1.0, -1.0, -0.9649999999999987, -0.9649999999999987, -0.9529999999999991, -0.9289999999999994, -0.9289999999999994, -0.9289999999999994, -0.9539999999999987, -0.9129999999999998]",4.961845129926823
2963,-1.0,"[3.0, 1.3333332538604736, 1.3333332538604736]",-0.11900000000000005,"[-0.990999999999998, -0.9559999999999986, -0.2700000000000001, -0.19100000000000006, -0.15900000000000009, -0.13000000000000006, -0.13000000000000006, -0.10400000000000004, -0.12400000000000005, -0.11900000000000005]",0.06263625969710324
8602,-1.0,"[5.0, 3.0, 3.0]",-0.8489999999999994,"[-1.0, -1.0, -0.9889999999999983, -0.9629999999999977, -0.952999999999999, -0.948999999999999, -0.948999999999999, -0.948999999999999, -0.948999999999999, -0.8489999999999994]",5.115995809754082
8217,-1.0,"[9.0, 7.0, 7.0]",-0.5919999999999993,"[-1.0, -0.9999999999999999, -0.7879999999999995, -0.7659999999999977, -0.7629999999999963, -0.7199999999999973, -0.7199999999999973, -0.6059999999999993, -0.605999999999999, -0.5919999999999993]",1.0969796928161089
3141,-1.0,"[5.0, 3.0, 0.6666665077209473]",-0.933999999999999,"[-1.0, -1.0, -0.9859999999999992, -0.9779999999999989, -0.9779999999999989, -0.9599999999999987, -0.9599999999999987, -0.9529999999999984, -0.933999999999999, -0.933999999999999]",3.863232841258714
7662,-1.0,"[4.0, 2.0, 2.0]",-0.9489999999999984,"[-1.0, -1.0, -0.971999999999998, -0.9569999999999994, -0.9539999999999992, -0.9419999999999992, -0.9419999999999992, -0.9419999999999992, -0.9419999999999992, -0.9489999999999984]",3.506557897319982
5738,-1.0,"[3.0, 1.8333332538604736, 1.8333332538604736]",-0.4020000000000002,"[-1.0000000000000002, -0.8529999999999984, -0.504, -0.47600000000000026, -0.43600000000000017, -0.4020000000000002, -0.4020000000000002, -0.4020000000000002, -0.4020000000000002, -0.4020000000000002]",1.1779693986839503
3620,-1.0,"[5.0, 3.0, 1.6666665077209473]",-0.9569999999999993,"[-1.0, -1.0, -0.9999999999999991, -0.9969999999999991, -0.9969999999999991, -0.987999999999997, -0.9569999999999993, -0.9569999999999993, -0.9569999999999993, -0.9569999999999993]",3.540459448995663
3282,-1.0,"[5.0, 3.0, 1.5]",-0.9449999999999992,"[-1.0, -1.0, -0.9639999999999983, -0.9579999999999989, -0.9489999999999995, -0.9349999999999993, -0.9349999999999993, -0.9349999999999993, -0.9169999999999994, -0.9449999999999992]",4.3428059215206005
3948,-1.0,"[7.0, 4.333333253860474, 4.333333253860474]",-0.9369999999999993,"[-1.0, -1.0, -0.9789999999999979, -0.955999999999999, -0.9369999999999993, -0.9369999999999993, -0.9369999999999993, -0.9369999999999993, -0.9369999999999993, -0.9369999999999993]",3.7722610630529876
2548,-1.0,"[7.0, 5.0, 4.0]",-0.4910000000000002,"[-1.0, -0.7969999999999994, -0.7819999999999978, -0.7479999999999989, -0.7349999999999985, -0.6609999999999935, -0.6609999999999933, -0.5609999999999993, -0.5609999999999993, -0.4910000000000002]",1.7839847168844134
7632,-1.0,"[5.0, 4.333333253860474, 4.333333253860474]",-0.46299999999999997,"[-1.0, -0.46299999999999997, -0.46299999999999997, -0.46299999999999997, -0.46299999999999997, -0.46299999999999997, -0.46299999999999997, -0.46299999999999997, -0.46299999999999997, -0.46299999999999997]",-0.3338836080621473
2817,-1.0,"[8.0, 6.0, 4.3333330154418945]",-0.9369999999999995,"[-1.0, -1.0, -0.9799999999999968, -0.9639999999999987, -0.9609999999999989, -0.9509999999999991, -0.9459999999999992, -0.9389999999999995, -0.9389999999999995, -0.9369999999999995]",3.6888794541139363
9682,-1.0,"[6.0, 4.0, 4.0]",-0.9579999999999986,"[-0.988, -0.988, -0.9879999999999997, -0.9879999999999992, -0.9669999999999992, -0.9669999999999992, -0.9669999999999992, -0.960999999999999, -0.9579999999999986, -0.9579999999999986]",0
1890,-1.0,"[5.0, 3.0, 2.0]",-0.9389999999999991,"[-1.0, -1.0, -0.9689999999999985, -0.9529999999999993, -0.9529999999999993, -0.9529999999999987, -0.9439999999999995, -0.9439999999999995, -0.9439999999999995, -0.9389999999999991]",6.907755278982137
1897,-1.0,"[5.0, 3.0, 3.0]",-0.9379999999999995,"[-1.0, -1.0, -0.9909999999999969, -0.966999999999999, -0.9519999999999993, -0.9409999999999996, -0.9409999999999996, -0.9409999999999996, -0.9409999999999996, -0.9379999999999995]",5.521460917862246
9527,-1.0,"[8.0, 6.0, 4.0]",-0.9419999999999987,"[-1.0, -1.0, -0.9679999999999986, -0.956999999999999, -0.956999999999999, -0.9449999999999991, -0.9449999999999991, -0.9449999999999991, -0.9519999999999987, -0.9419999999999987]",5.809142990314028
293,-1.0,"[4.0, 2.0, 2.0]",-0.947999999999999,"[-1.0, -1.0, -0.9909999999999968, -0.9689999999999984, -0.9529999999999988, -0.9359999999999988, -0.9359999999999988, -0.9359999999999988, -0.9359999999999988, -0.947999999999999]",6.907755278982137
9904,-1.0,"[5.0, 2.0, 1.0]",-0.9619999999999992,"[-1.0, -1.0, -0.9949999999999978, -0.9749999999999993, -0.971999999999999, -0.9559999999999992, -0.9519999999999994, -0.9519999999999994, -0.9689999999999988, -0.9619999999999992]",4.268697949366879
9266,-1.0,"[8.0, 5.333333253860474, 4.666666507720947]",-0.18900000000000008,"[-1.0000000000000004, -0.9779999999999999, -0.3180000000000001, -0.31500000000000017, -0.2780000000000002, -0.2780000000000002, -0.23100000000000012, -0.2160000000000001, -0.21500000000000014, -0.18900000000000008]",0.18768131403946467
4946,-1.0,"[6.0, 4.333333253860474, 2.3333330154418945]",-0.9429999999999996,"[-1.0, -1.0, -0.9719999999999985, -0.9669999999999986, -0.955999999999999, -0.955999999999999, -0.955999999999999, -0.955999999999999, -0.9539999999999988, -0.9429999999999996]",3.7722610630529876
814,-1.0,"[2.0, 0.0, 2.0]",-0.13000000000000003,"[-0.9949999999999972, -0.983999999999998, -0.38000000000000017, -0.2090000000000001, -0.2090000000000001, -0.2090000000000001, -0.1780000000000001, -0.1580000000000001, -0.13400000000000004, -0.13000000000000003]",0.09422390353207677
1532,-1.0,"[7.0, 5.0, 4.0]",-0.9239999999999998,"[-1.0, -1.0, -0.9899999999999964, -0.9429999999999988, -0.9429999999999988, -0.9239999999999998, -0.9239999999999998, -0.9239999999999998, -0.9239999999999998, -0.9239999999999998]",4.268697949366879
1111,-1.0,"[4.0, 2.0, 1.0]",-0.08800000000000004,"[-0.9859999999999994, -0.945999999999998, -0.36600000000000016, -0.13600000000000007, -0.13600000000000007, -0.13600000000000007, -0.10000000000000002, -0.10000000000000002, -0.08800000000000004, -0.08800000000000004]",0.07920634267135235
5831,-1.0,"[5.0, 3.0, 3.0]",-0.5200000000000002,"[-1.0, -0.9849999999999985, -0.6919999999999994, -0.5779999999999998, -0.548, -0.5340000000000001, -0.5339999999999997, -0.5180000000000001, -0.5200000000000002, -0.5200000000000002]",-0.08174467425256138
4482,-1.0,"[3.0, 1.0, 0.0]",-0.9539999999999983,"[-1.0, -1.0, -0.9879999999999968, -0.9519999999999992, -0.9489999999999987, -0.9489999999999987, -0.9459999999999994, -0.9459999999999994, -0.957999999999999, -0.9539999999999983]",6.907755278982137
3120,-1.0,"[7.0, 5.0, 3.6666665077209473]",-0.9409999999999991,"[-1.0, -1.0, -0.9779999999999985, -0.9779999999999985, -0.956999999999999, -0.956999999999999, -0.9519999999999987, -0.9519999999999987, -0.9519999999999987, -0.9409999999999991]",4.199705077879927
2836,-1.0,"[2.0, -0.6666669845581055, -0.6666669845581055]",-0.9389999999999994,"[-1.0, -1.0, -0.977999999999997, -0.9709999999999983, -0.9549999999999991, -0.9389999999999994, -0.9389999999999994, -0.9389999999999994, -0.9389999999999994, -0.9389999999999994]",6.214608098422191
14,-1.0,"[3.0, 1.0, 3.0]",-0.9389999999999994,"[-1.0, -1.0, -0.9639999999999979, -0.9309999999999992, -0.9309999999999992, -0.9309999999999992, -0.9309999999999992, -0.9309999999999992, -0.9389999999999994, -0.9389999999999994]",4.074541934925921
2588,-1.0,"[4.0, 2.0, 2.3333332538604736]",-0.09200000000000003,"[-0.9919999999999997, -0.9589999999999995, -0.5959999999999996, -0.4100000000000002, -0.2800000000000001, -0.24400000000000005, -0.24400000000000005, -0.14900000000000005, -0.09200000000000003, -0.09200000000000003]",0.044482967688495426
9814,-1.0,"[4.0, 2.3333332538604736, 1.3333332538604736]",-0.9459999999999994,"[-1.0, -1.0, -0.9909999999999963, -0.9689999999999993, -0.9579999999999992, -0.9579999999999992, -0.9579999999999992, -0.9499999999999987, -0.9459999999999994, -0.9459999999999994]",4.710530701645918
4937,-1.0,"[3.0, 1.0, 0.6666665077209473]",-0.9389999999999993,"[-1.0, -1.0, -0.9489999999999995, -0.9489999999999995, -0.9489999999999995, -0.944999999999999, -0.9389999999999993, -0.9389999999999993, -0.9389999999999993, -0.9389999999999993]",3.3813947543659757
2198,-1.0,"[4.0, 2.0, 1.7999999523162842]",-0.23100000000000015,"[-1.0000000000000004, -0.9679999999999997, -0.4390000000000002, -0.3160000000000001, -0.31000000000000016, -0.23300000000000012, -0.23300000000000012, -0.23100000000000015, -0.23100000000000015, -0.23100000000000015]",0.21709527781133559
9246,-1.0,"[2.0, -1.0, 2.0]",-0.3980000000000001,"[-0.9979999999999969, -0.9799999999999995, -0.5040000000000001, -0.4760000000000002, -0.45900000000000024, -0.4520000000000003, -0.43000000000000016, -0.43000000000000016, -0.42900000000000005, -0.3980000000000001]",0.6815521739380382
3762,-1.0,"[6.0, 6.0, 6.0]",-0.493,"[-0.493, -0.493, -0.493, -0.493, -0.493, -0.493, -0.493, -0.493, -0.493, -0.493]",-0.34437684762321363
6802,-1.0,"[2.0, -0.33333349227905273, -0.33333349227905273]",-0.261,"[-1.0000000000000002, -1.0, -0.983999999999999, -0.9719999999999993, -0.729, -0.723, -0.279, -0.261, -0.261, -0.261]",0
5236,-1.0,"[3.0, 1.0, 1.0]",-0.07700000000000001,"[-0.9929999999999986, -0.957999999999999, -0.08, -0.08, -0.08, -0.08, -0.08, -0.08, -0.08, -0.07700000000000001]",0.05639945475593291
2049,-1.0,"[5.0, 3.3333332538604736, 2.3333332538604736]",-0.1890000000000001,"[-1.0000000000000004, -0.9609999999999996, -0.3280000000000001, -0.3230000000000002, -0.29000000000000015, -0.24000000000000016, -0.2330000000000001, -0.21800000000000008, -0.1890000000000001, -0.1890000000000001]",0.3596660119437893
2047,-1.0,"[7.0, 5.0, 2.0]",-0.9379999999999997,"[-1.0, -1.0, -0.9959999999999952, -0.9859999999999974, -0.956999999999999, -0.9539999999999986, -0.9539999999999986, -0.9429999999999991, -0.9429999999999991, -0.9379999999999997]",5.115995809754082
4610,-1.0,"[11.0, 11.0, 11.0]",-0.0,"[-0.0, -0.0, -0.0, -0.0, -0.0, -0.0, -0.0, -0.0, -0.0, -0.0]",0.0
289,-1.0,"[5.0, 3.0, 1.0]",-0.36300000000000016,"[-1.0, -0.9739999999999995, -0.8019999999999967, -0.7409999999999932, -0.7409999999999932, -0.3960000000000003, -0.36300000000000016, -0.36300000000000016, -0.36300000000000016, -0.36300000000000016]",0.6224519989156749
2118,-1.0,"[7.0, 6.0, 4.3333330154418945]",-0.42899999999999994,"[-1.0, -0.42900000000000005, -0.42900000000000005, -0.42900000000000005, -0.42900000000000005, -0.42900000000000005, -0.42899999999999994, -0.42899999999999994, -0.42899999999999994, -0.42899999999999994]",-0.10143269591503506
1311,-1.0,"[5.0, 5.0, 5.0]",-0.0,"[-0.0, -0.0, -0.0, -0.0, -0.0, -0.0, -0.0, -0.0, -0.0, -0.0]",0.0
2282,-1.0,"[7.0, 4.0, 3.3333330154418945]",-0.952999999999999,"[-1.0, -1.0, -0.9649999999999992, -0.948999999999999, -0.9449999999999992, -0.9439999999999993, -0.9439999999999993, -0.9419999999999991, -0.9579999999999985, -0.952999999999999]",5.809142990314028
1058,-1.0,"[5.0, 3.0, 1.3333330154418945]",-0.2980000000000001,"[-0.996999999999986, -0.9689999999999986, -0.36600000000000016, -0.33600000000000013, -0.31100000000000017, -0.31100000000000017, -0.30000000000000016, -0.30800000000000016, -0.3190000000000002, -0.2980000000000001]",-0.09085834958842558
6368,-1.0,"[5.0, 3.3333332538604736, 3.0]",-0.3920000000000002,"[-0.988, -0.9840000000000001, -0.8859999999999992, -0.7419999999999997, -0.5030000000000001, -0.5020000000000002, -0.5000000000000002, -0.42100000000000026, -0.40600000000000025, -0.3920000000000002]",0.5878741584907334
7329,-1.0,"[4.0, 1.3333332538604736, 2.3333330154418945]",-0.20500000000000013,"[-0.9829999999999994, -0.8429999999999993, -0.6459999999999998, -0.5839999999999996, -0.5639999999999997, -0.4240000000000002, -0.29000000000000015, -0.23900000000000013, -0.24800000000000014, -0.20500000000000013]",0.5563574328259856
6959,-1.0,"[2.0, -0.5999999046325684, 0.6666665077209473]",-0.3980000000000002,"[-1.0, -0.9969999999999996, -0.789999999999998, -0.7169999999999981, -0.627999999999999, -0.6269999999999987, -0.6089999999999984, -0.48800000000000027, -0.43100000000000027, -0.3980000000000002]",0.45615429974038785
2480,-1.0,"[6.0, 3.0, 3.0]",-0.16400000000000006,"[-0.8369999999999994, -0.8369999999999993, -0.3280000000000002, -0.2700000000000002, -0.1760000000000001, -0.1760000000000001, -0.17800000000000007, -0.14000000000000007, -0.16400000000000006, -0.16400000000000006]",0.16586231229159565
191,-1.0,"[2.0, 1.0, 2.0]",-0.37100000000000005,"[-0.9949999999999986, -0.9909999999999995, -0.5539999999999989, -0.5539999999999989, -0.5229999999999999, -0.40100000000000025, -0.3850000000000002, -0.3850000000000002, -0.3720000000000002, -0.37100000000000005]",0.5040587115075058
1826,-1.0,"[4.0, 2.0, 2.0]",-0.505,"[-1.0, -0.802, -0.5939999999999975, -0.505, -0.505, -0.505, -0.505, -0.505, -0.505, -0.505]",1.5461282657398672
3670,-1.0,"[5.0, 3.0, 1.0]",-0.7219999999999992,"[-0.739, -0.739, -0.739, -0.7389999999999999, -0.7389999999999999, -0.7389999999999999, -0.7329999999999958, -0.7319999999999987, -0.7219999999999992, -0.7219999999999992]",3.0851169133910665
3071,-1.0,"[4.0, 2.3333332538604736, 2.3333332538604736]",-0.13500000000000006,"[-0.994, -0.9879999999999973, -0.35900000000000026, -0.3340000000000002, -0.3260000000000002, -0.3210000000000002, -0.3210000000000002, -0.29400000000000015, -0.22200000000000011, -0.13500000000000006]",0.1090665849494359
5625,-1.0,"[6.0, 4.0, 2.3333330154418945]",-0.14600000000000007,"[-0.9990000000000002, -0.9869999999999979, -0.2860000000000002, -0.24300000000000013, -0.1920000000000001, -0.1920000000000001, -0.18000000000000008, -0.18000000000000008, -0.16100000000000006, -0.14600000000000007]",0.09708422761783392
2327,-1.0,"[5.0, 2.6666665077209473, 3.3333332538604736]",-0.17700000000000007,"[-0.9969999999999991, -0.8839999999999988, -0.2370000000000001, -0.20900000000000013, -0.1900000000000001, -0.1900000000000001, -0.1900000000000001, -0.18000000000000005, -0.18000000000000005, -0.17700000000000007]",-0.008030313443790182
5658,-1.0,"[6.0, 4.0, 2.5]",-0.30400000000000005,"[-1.0, -1.0, -0.9449999999999987, -0.9269999999999984, -0.9269999999999984, -0.9239999999999983, -0.9069999999999994, -0.30400000000000005, -0.30400000000000005, -0.30400000000000005]",0.11938063940046617
4222,-1.0,"[8.0, 5.0, 5.333333253860474]",-0.1730000000000001,"[-0.995999999999996, -0.9829999999999987, -0.32300000000000023, -0.28300000000000014, -0.2600000000000001, -0.2600000000000001, -0.25100000000000017, -0.1910000000000001, -0.1590000000000001, -0.1730000000000001]",0.13819047210200913
2131,-1.0,"[8.0, 6.0, 4.0]",-0.9329999999999994,"[-1.0, -1.0, -0.9769999999999985, -0.971999999999999, -0.9479999999999993, -0.9479999999999993, -0.9479999999999993, -0.9499999999999996, -0.9499999999999996, -0.9329999999999994]",3.816712825623821
4192,-1.0,"[4.0, 1.6666665077209473, 0.33333301544189453]",-0.45499999999999996,"[-1.0, -1.0, -0.9639999999999992, -0.485, -0.45999999999999996, -0.45999999999999996, -0.45999999999999996, -0.45999999999999996, -0.45499999999999996, -0.45499999999999996]",0
1950,-1.0,"[6.0, 5.0, 5.0]",-0.508,"[-1.0, -0.508, -0.508, -0.508, -0.508, -0.508, -0.508, -0.508, -0.508, -0.508]",-0.34896406874499586
6733,-1.0,"[4.0, 2.0, 2.0]",-0.9509999999999992,"[-1.0, -1.0, -0.9769999999999974, -0.9519999999999988, -0.9519999999999988, -0.9519999999999988, -0.9519999999999988, -0.9519999999999988, -0.9519999999999988, -0.9509999999999992]",5.298317366548036
3528,-1.0,"[2.0, -0.33333349227905273, 0.0]",-0.3830000000000002,"[-0.9949999999999999, -0.9859999999999992, -0.5199999999999999, -0.4610000000000002, -0.4230000000000002, -0.4230000000000002, -0.3830000000000002, -0.3830000000000002, -0.3830000000000002, -0.3830000000000002]",0.3584741035881322
2601,-1.0,"[5.0, 3.0, 3.0]",-0.08600000000000003,"[-0.9959999999999976, -0.9529999999999988, -0.15900000000000009, -0.13400000000000004, -0.09300000000000004, -0.08600000000000003, -0.08600000000000003, -0.08600000000000003, -0.08600000000000003, -0.08600000000000003]",0.1817201381459515
6904,-1.0,"[8.0, 5.333333253860474, 4.5]",-0.773,"[-1.0000000000000004, -1.0, -0.9929999999999979, -0.9879999999999983, -0.9799999999999995, -0.9769999999999991, -0.9769999999999991, -0.9779999999999991, -0.808, -0.773]",1.5847452998437288
8129,-1.0,"[3.0, 0.0, 1.0]",-0.591,"[-1.0, -1.0, -0.9469999999999986, -0.9469999999999986, -0.8509999999999995, -0.8199999999999983, -0.8199999999999983, -0.7519999999999997, -0.6109999999999992, -0.591]",0.9137938516755677
3289,-1.0,"[6.0, 3.0, 3.0]",-0.951999999999999,"[-1.0, -1.0, -0.9899999999999956, -0.9679999999999983, -0.9599999999999987, -0.947999999999999, -0.947999999999999, -0.9609999999999992, -0.9669999999999987, -0.951999999999999]",6.214608098422191
9860,-1.0,"[7.0, 5.0, 5.0]",-0.9369999999999996,"[-1.0, -1.0, -0.9999999999999982, -0.987999999999997, -0.9739999999999985, -0.9369999999999996, -0.9369999999999996, -0.9369999999999996, -0.9369999999999996, -0.9369999999999996]",4.8283137373023015
8590,-1.0,"[1.0, 2.0, 2.0]",-0.951999999999999,"[-1.0, -1.0, -0.9889999999999982, -0.9829999999999983, -0.9689999999999986, -0.9489999999999994, -0.9479999999999987, -0.9479999999999987, -0.9479999999999987, -0.951999999999999]",4.268697949366879
1885,-1.0,"[9.0, 9.0, 9.0]",-0.0,"[-0.0, -0.0, -0.0, -0.0, -0.0, -0.0, -0.0, -0.0, -0.0, -0.0]",0.0
2091,-1.0,"[6.0, 2.3333330154418945, 2.3333330154418945]",-0.09900000000000005,"[-0.9889999999999991, -0.9709999999999984, -0.37600000000000017, -0.30900000000000016, -0.2800000000000001, -0.2800000000000001, -0.16400000000000006, -0.14100000000000004, -0.14100000000000004, -0.09900000000000005]",0.02630005155093057
7286,-1.0,"[9.0, 7.0, 4.3333330154418945]",-0.9529999999999994,"[-1.0, -1.0, -0.979999999999999, -0.9769999999999978, -0.9549999999999988, -0.9499999999999993, -0.960999999999999, -0.9609999999999993, -0.9579999999999994, -0.9529999999999994]",4.961845129926823
9661,-1.0,"[3.0, 1.5, 2.1666665077209473]",-0.9439999999999994,"[-1.0, -1.0, -0.9609999999999986, -0.9609999999999986, -0.9579999999999986, -0.9479999999999986, -0.9449999999999992, -0.9449999999999992, -0.9449999999999992, -0.9439999999999994]",3.611918412977808
4182,-1.0,"[4.0, 2.3333332538604736, 2.3333332538604736]",-0.906999999999999,"[-1.0, -0.9979999999999996, -0.9189999999999984, -0.9189999999999984, -0.9189999999999984, -0.9169999999999994, -0.906999999999999, -0.906999999999999, -0.906999999999999, -0.906999999999999]",3.803879346266349
8857,-1.0,"[7.0, 5.0, 2.3333330154418945]",-0.9569999999999996,"[-1.0, -1.0, -0.9889999999999954, -0.9579999999999987, -0.9379999999999995, -0.9379999999999995, -0.9379999999999995, -0.9389999999999993, -0.9319999999999996, -0.9569999999999996]",4.605170185988092
3110,-1.0,"[4.0, 2.0, 1.3333332538604736]",-0.4470000000000002,"[-0.9959999999999974, -0.9909999999999984, -0.8199999999999842, -0.7789999999999987, -0.754999999999997, -0.7069999999999996, -0.7389999999999981, -0.5129999999999996, -0.4470000000000002, -0.4470000000000002]",3.2227220446774067
5230,-1.0,"[6.0, 4.0, 2.3333330154418945]",-0.9409999999999988,"[-1.0, -1.0, -0.9849999999999967, -0.9639999999999985, -0.9569999999999991, -0.9489999999999985, -0.9489999999999985, -0.9479999999999993, -0.9409999999999988, -0.9409999999999988]",5.809142990314028
7841,-1.0,"[6.0, 4.0, 2.6666665077209473]",-0.9419999999999994,"[-1.0, -1.0, -0.9659999999999986, -0.9599999999999987, -0.9599999999999987, -0.9569999999999996, -0.9519999999999994, -0.9449999999999994, -0.9419999999999994, -0.9419999999999994]",3.863232841258714
7669,-1.0,"[5.0, 2.6666665077209473, 1.1666665077209473]",-0.9369999999999997,"[-1.0, -1.0, -0.9569999999999986, -0.9529999999999995, -0.9529999999999995, -0.9479999999999993, -0.9479999999999993, -0.9479999999999993, -0.9369999999999997, -0.9369999999999997]",2.9759296462578115
19,-1.0,"[3.0, 0.5, 0.5]",-0.23600000000000013,"[-1.0, -0.9529999999999996, -0.31500000000000017, -0.28200000000000014, -0.26400000000000007, -0.25100000000000006, -0.25100000000000006, -0.25100000000000006, -0.2410000000000001, -0.23600000000000013]",0.23578923162511173
1993,-1.0,"[7.0, 5.0, 5.0]",-0.9469999999999992,"[-1.0, -1.0, -0.9829999999999981, -0.9469999999999992, -0.9469999999999992, -0.9469999999999992, -0.9469999999999992, -0.9469999999999992, -0.9469999999999992, -0.9469999999999992]",3.7722610630529876
5113,-1.0,"[6.0, 4.0, 3.6666665077209473]",-0.949999999999999,"[-1.0, -1.0, -0.960999999999999, -0.9509999999999992, -0.9509999999999992, -0.949999999999999, -0.949999999999999, -0.949999999999999, -0.949999999999999, -0.949999999999999]",4.961845129926823
2093,-1.0,"[4.0, 2.0, 1.3333330154418945]",-0.8139999999999995,"[-1.0, -1.0, -0.9759999999999974, -0.9559999999999994, -0.9559999999999994, -0.8489999999999995, -0.8489999999999995, -0.8489999999999995, -0.8209999999999994, -0.8139999999999995]",1.8773173575897015
2108,-1.0,"[4.0, 2.0, 0.16666698455810547]",-0.7,"[-1.0, -0.9629999999999996, -0.872999999999995, -0.8419999999999974, -0.8349999999999991, -0.7000000000000001, -0.7, -0.7, -0.7, -0.7]",-0.10357250786491187
2736,-1.0,"[6.0, 3.3333332538604736, 3.3333332538604736]",-0.9359999999999993,"[-1.0, -1.0, -0.9679999999999975, -0.9509999999999977, -0.9509999999999977, -0.9219999999999983, -0.9439999999999986, -0.9409999999999993, -0.9439999999999986, -0.9359999999999993]",5.115995809754082
4002,-1.0,"[4.0, 1.8333332538604736, 1.2000000476837158]",-0.9389999999999986,"[-1.0, -1.0, -0.9749999999999989, -0.9569999999999995, -0.954999999999999, -0.9539999999999986, -0.9179999999999994, -0.9179999999999994, -0.9389999999999986, -0.9389999999999986]",3.611918412977808
8005,-1.0,"[4.0, 1.0, 1.0]",-0.12600000000000008,"[-0.9839999999999983, -0.9689999999999986, -0.1790000000000001, -0.1790000000000001, -0.13700000000000007, -0.13700000000000007, -0.12700000000000006, -0.13900000000000004, -0.10700000000000004, -0.12600000000000008]",0.12245486477297088
2320,-1.0,"[5.0, 2.0, 3.0]",-0.1640000000000001,"[-0.9979999999999993, -0.9709999999999996, -0.20400000000000013, -0.20400000000000013, -0.1970000000000001, -0.1840000000000001, -0.18200000000000008, -0.17100000000000007, -0.17100000000000007, -0.1640000000000001]",0.1749519115938044
4641,-1.0,"[5.0, 3.0, 3.0]",-0.6569999999999986,"[-1.0, -1.0, -0.7849999999999993, -0.7409999999999954, -0.7409999999999954, -0.7299999999999986, -0.7049999999999972, -0.7049999999999972, -0.7049999999999972, -0.6569999999999986]",1.7731769948452574
5165,-1.0,"[6.0, 4.0, 3.0]",-0.9019999999999991,"[-1.0, -1.0, -0.9739999999999982, -0.9589999999999989, -0.9379999999999986, -0.9249999999999987, -0.916999999999999, -0.9089999999999991, -0.9019999999999991, -0.9019999999999991]",3.9384036387848735
2442,-1.0,"[6.0, 3.6666665077209473, 3.6666665077209473]",-0.15800000000000008,"[-0.9990000000000002, -0.9749999999999986, -0.2860000000000002, -0.24200000000000013, -0.2140000000000001, -0.17800000000000007, -0.17800000000000007, -0.16700000000000007, -0.15800000000000008, -0.15800000000000008]",0.20682299285997444
7538,-1.0,"[7.0, 5.333333253860474, 4.666666507720947]",-0.835,"[-1.0, -1.0, -0.9619999999999996, -0.9619999999999996, -0.9389999999999994, -0.835, -0.835, -0.835, -0.835, -0.835]",-0.2972986178384568
8431,-1.0,"[10.0, 7.0, 7.0]",-0.21300000000000016,"[-0.8299999999999984, -0.8299999999999983, -0.6299999999999989, -0.5939999999999988, -0.5419999999999998, -0.42200000000000015, -0.30300000000000016, -0.21300000000000016, -0.21300000000000016, -0.21300000000000016]",0.09958475754900684
121,-1.0,"[4.0, 2.0, 0.6666665077209473]",-0.5329999999999998,"[-1.0, -0.9839999999999999, -0.5669999999999993, -0.5669999999999993, -0.5619999999999993, -0.5419999999999997, -0.5419999999999997, -0.5409999999999998, -0.5379999999999998, -0.5329999999999998]",1.9949967226537095
1614,-1.0,"[3.0, 1.3333332538604736, 1.3333332538604736]",-0.9559999999999992,"[-1.0, -1.0, -0.9879999999999957, -0.962999999999999, -0.9529999999999992, -0.9529999999999992, -0.9529999999999992, -0.9529999999999992, -0.9529999999999992, -0.9559999999999992]",6.214608098422191
4802,-1.0,"[4.0, 1.3333332538604736, 0.6666665077209473]",-0.07900000000000004,"[-0.9889999999999981, -0.9539999999999992, -0.2650000000000002, -0.24200000000000016, -0.23300000000000012, -0.13500000000000006, -0.11200000000000006, -0.11200000000000006, -0.10000000000000003, -0.07900000000000004]",0.054940059084572404
3627,-1.0,"[7.0, 5.0, 2.0]",-0.9409999999999993,"[-1.0, -1.0, -0.9749999999999995, -0.9679999999999983, -0.9499999999999991, -0.9489999999999991, -0.9489999999999991, -0.9409999999999993, -0.9409999999999993, -0.9409999999999993]",4.509860006183767
5713,-1.0,"[5.0, 2.3333332538604736, 1.3333330154418945]",-0.19200000000000006,"[-0.9969999999999984, -0.984999999999999, -0.5699999999999991, -0.5060000000000001, -0.41800000000000026, -0.41800000000000026, -0.3810000000000002, -0.34400000000000025, -0.2280000000000001, -0.19200000000000006]",0.1441166013231434
8859,-1.0,"[4.0, 2.0, 1.6666665077209473]",-0.15800000000000003,"[-1.0000000000000004, -0.9529999999999987, -0.7879999999999983, -0.32300000000000023, -0.29300000000000015, -0.29300000000000015, -0.29300000000000015, -0.15800000000000003, -0.15800000000000003, -0.15800000000000003]",0.09195731861091265
6471,-1.0,"[5.0, 2.999999761581421, 2.999999761581421]",-0.6649999999999998,"[-1.0, -0.665, -0.665, -0.665, -0.6649999999999999, -0.6649999999999999, -0.6649999999999999, -0.6649999999999999, -0.6649999999999999, -0.6649999999999998]",-0.13947755677739415
3929,-1.0,"[8.0, 5.333333253860474, 5.333333253860474]",-0.6989999999999994,"[-1.0, -1.0, -0.9849999999999989, -0.980999999999999, -0.971999999999999, -0.7929999999999994, -0.7929999999999994, -0.7829999999999996, -0.7709999999999999, -0.6989999999999994]",1.2241755116434556
1033,-1.0,"[2.0, -0.6666669845581055, 0.6666665077209473]",-0.9399999999999995,"[-1.0, -1.0, -0.9809999999999985, -0.9679999999999993, -0.9469999999999994, -0.9469999999999994, -0.9399999999999995, -0.9399999999999995, -0.9399999999999995, -0.9399999999999995]",5.809142990314028
6645,-1.0,"[7.0, 3.6666665077209473, 3.4000000953674316]",-0.23299999999999998,"[-0.959, -0.959, -0.959, -0.9589999999999985, -0.532, -0.529, -0.352, -0.363, -0.30900000000000005, -0.23299999999999998]",0.3106095770954856
747,-1.0,"[6.0, 3.0, 1.3333330154418945]",-0.948999999999999,"[-1.0, -1.0, -0.9659999999999987, -0.9329999999999993, -0.9329999999999993, -0.9329999999999993, -0.9329999999999993, -0.9439999999999992, -0.9329999999999989, -0.948999999999999]",4.135166556742356
7596,-1.0,"[3.0, 3.0, 3.0]",-0.0,"[-0.0, -0.0, -0.0, -0.0, -0.0, -0.0, -0.0, -0.0, -0.0, -0.0]",0.0
4104,-1.0,"[4.0, 1.0, 1.0]",-0.15200000000000008,"[-0.9879999999999988, -0.9719999999999981, -0.5659999999999994, -0.5649999999999993, -0.4690000000000003, -0.4690000000000003, -0.2780000000000002, -0.1800000000000001, -0.15900000000000006, -0.15200000000000008]",0.14627589233775737
4857,-1.0,"[3.0, 1.3333332538604736, 1.0]",-0.9499999999999997,"[-1.0, -1.0, -0.9999999999999992, -0.9859999999999989, -0.9859999999999989, -0.9679999999999986, -0.9679999999999986, -0.9499999999999997, -0.9499999999999997, -0.9499999999999997]",4.268697949366879
5817,-1.0,"[3.0, 0.6666665077209473, 0.8000001907348633]",-0.21400000000000005,"[-0.9980000000000002, -0.9719999999999993, -0.35000000000000014, -0.3470000000000002, -0.2600000000000001, -0.2600000000000001, -0.2360000000000001, -0.2360000000000001, -0.21400000000000005, -0.21400000000000005]",0.2898119632818019
1431,-1.0,"[5.0, 3.0, 2.0]",-0.15400000000000008,"[-0.8229999999999987, -0.8229999999999987, -0.6209999999999993, -0.30000000000000016, -0.28100000000000014, -0.2600000000000001, -0.21400000000000008, -0.21400000000000008, -0.21400000000000008, -0.15400000000000008]",0.09132682981742864
4214,-1.0,"[5.0, 2.999999761581421, 2.095237970352173]",-0.9119999999999986,"[-1.0, -1.0, -0.9759999999999983, -0.9679999999999986, -0.9649999999999982, -0.9429999999999992, -0.9289999999999997, -0.9289999999999997, -0.9119999999999986, -0.9119999999999986]",5.521460917862246
3259,-1.0,"[7.0, 5.0, 2.3333330154418945]",-0.08900000000000004,"[-0.9859999999999988, -0.9479999999999984, -0.3220000000000002, -0.3220000000000002, -0.27300000000000013, -0.15200000000000008, -0.14900000000000005, -0.08900000000000004, -0.08900000000000004, -0.08900000000000004]",0.05059588054282722
8466,-1.0,"[6.0, 5.0, 3.0]",-0.398,"[-1.0, -0.405, -0.405, -0.405, -0.405, -0.404, -0.404, -0.3980000000000001, -0.398, -0.398]",-0.27864439481718833
3854,-1.0,"[5.0, 3.3333332538604736, 2.6666665077209473]",-0.9539999999999991,"[-1.0, -1.0, -0.9549999999999992, -0.9549999999999992, -0.9549999999999992, -0.9549999999999992, -0.9549999999999992, -0.9539999999999991, -0.9539999999999991, -0.9539999999999991]",3.863232841258714
6294,-1.0,"[3.0, 1.3333332538604736, 0.8333330154418945]",-0.6599999999999989,"[-1.0, -0.9969999999999998, -0.7909999999999991, -0.7909999999999991, -0.7189999999999973, -0.6889999999999994, -0.6889999999999994, -0.6889999999999994, -0.6639999999999991, -0.6599999999999989]",2.1628141902257276
9858,-1.0,"[7.0, 5.0, 2.5]",-0.8699999999999983,"[-0.895, -0.895, -0.8949999999999999, -0.8949999999999999, -0.8949999999999999, -0.8949999999999996, -0.8829999999999978, -0.8699999999999983, -0.8699999999999983, -0.8699999999999983]",4.587288860213347
3966,-1.0,"[4.0, 4.0, 0.46666669845581055]",-0.4099999999999999,"[-0.41000000000000003, -0.41000000000000003, -0.41000000000000003, -0.41000000000000003, -0.41000000000000003, -0.41000000000000003, -0.41, -0.41, -0.4099999999999999, -0.4099999999999999]",-0.11419900173591949
